{
    "Negative": {
        "precision": 0.8939301042305334,
        "recall": 0.8751500600240096,
        "f1-score": 0.8844404003639672,
        "support": 4998.0
    },
    "Positive": {
        "precision": 0.8776710448931582,
        "recall": 0.8961168935148118,
        "f1-score": 0.8867980588293553,
        "support": 4996.0
    },
    "accuracy": 0.8856313788272964,
    "macro avg": {
        "precision": 0.8858005745618458,
        "recall": 0.8856334767694107,
        "f1-score": 0.8856192295966612,
        "support": 9994.0
    },
    "weighted avg": {
        "precision": 0.8858022014439086,
        "recall": 0.8856313788272964,
        "f1-score": 0.8856189936892704,
        "support": 9994.0
    }
}